{
  "WorkItem": {
    "AffectedComponent": {
      "Name": "",
      "DisplayName": ""
    },
    "ClosedComment": "",
    "ClosedDate": "2014-06-06T17:01:53.023-07:00",
    "CommentCount": 0,
    "Custom": null,
    "Description": "Force Debug & Force Verbose already exist -- verify that they have been implemented fully.\nStrictMode (could be set in the script, but perhaps you want to force it as well, so add as option)\n\nConsider adding option to run scripts under PowerShell Version 2 mode... If Possible -- no idea.",
    "LastUpdatedDate": "2014-06-06T17:01:53.023-07:00",
    "PlannedForRelease": "",
    "ReleaseVisibleToPublic": false,
    "Priority": {
      "Name": "Unassigned",
      "Severity": 0,
      "Id": 0
    },
    "ProjectName": "PowerShellCron",
    "ReportedDate": "2013-06-28T07:05:36.953-07:00",
    "Status": {
      "Name": "Closed",
      "Id": 4
    },
    "ReasonClosed": {
      "Name": "Unassigned"
    },
    "Summary": "Add Job options to force Debug and Verbose, StrictMode, PowerShellMode (maybe?)",
    "Type": {
      "Name": "Task",
      "Id": 2
    },
    "VoteCount": 0,
    "Id": 1254
  },
  "FileAttachments": [],
  "Comments": []
}