{
  "WorkItem": {
    "AffectedComponent": {
      "Name": "",
      "DisplayName": ""
    },
    "ClosedComment": "",
    "ClosedDate": null,
    "CommentCount": 0,
    "Custom": null,
    "Description": "SeedEnums on powershellcroncontext -- use reflection to find all dbsets and then all properties of a dbset type, looking for enum\n store value as table, column, type, integer, string",
    "LastUpdatedDate": "2013-06-28T07:01:45.327-07:00",
    "PlannedForRelease": "",
    "ReleaseVisibleToPublic": false,
    "Priority": {
      "Name": "Unassigned",
      "Severity": 0,
      "Id": 0
    },
    "ProjectName": "PowerShellCron",
    "ReportedDate": "2013-06-28T07:01:45.327-07:00",
    "Status": {
      "Name": "Proposed",
      "Id": 1
    },
    "ReasonClosed": {
      "Name": "Unassigned"
    },
    "Summary": "Seed Database with String Representations of All Enum Values",
    "Type": {
      "Name": "Task",
      "Id": 2
    },
    "VoteCount": 0,
    "Id": 1253
  },
  "FileAttachments": [],
  "Comments": []
}