{
  "WorkItem": {
    "AffectedComponent": {
      "Name": "",
      "DisplayName": ""
    },
    "ClosedComment": "",
    "ClosedDate": "2014-06-06T17:02:41.127-07:00",
    "CommentCount": 0,
    "Custom": null,
    "Description": "this may have already been done -- review.",
    "LastUpdatedDate": "2014-06-06T17:02:41.127-07:00",
    "PlannedForRelease": "",
    "ReleaseVisibleToPublic": false,
    "Priority": {
      "Name": "Unassigned",
      "Severity": 0,
      "Id": 0
    },
    "ProjectName": "PowerShellCron",
    "ReportedDate": "2013-06-28T07:11:56.347-07:00",
    "Status": {
      "Name": "Closed",
      "Id": 4
    },
    "ReasonClosed": {
      "Name": "Unassigned"
    },
    "Summary": "Implement the ability for a RunningJob to convert to Job via reflection, etc.",
    "Type": {
      "Name": "Task",
      "Id": 2
    },
    "VoteCount": 0,
    "Id": 1258
  },
  "FileAttachments": [],
  "Comments": []
}