[
  {
    "Id": 1253,
    "Title": "Seed Database with String Representations of All Enum Values"
  },
  {
    "Id": 1254,
    "Title": "Add Job options to force Debug and Verbose, StrictMode, PowerShellMode (maybe?)"
  },
  {
    "Id": 1255,
    "Title": "Interval Script Code (for Job class)"
  },
  {
    "Id": 1256,
    "Title": "Tie JobLog to JobHistory"
  },
  {
    "Id": 1257,
    "Title": "Add Virtual (relationships in EF5) to all classes"
  },
  {
    "Id": 1258,
    "Title": "Implement the ability for a RunningJob to convert to Job via reflection, etc."
  }
]