{
  "WorkItem": {
    "AffectedComponent": {
      "Name": "",
      "DisplayName": ""
    },
    "ClosedComment": "",
    "ClosedDate": "2014-06-06T17:03:31.073-07:00",
    "CommentCount": 0,
    "Custom": null,
    "Description": "Change the InterVal Script code (leverage begin/end invoke structure)\n\tMoreover, add it to the task portion of the job execution OR launch a new short running task (allow the script to run for 1 second)\n\nThis work was started -- need to finish.",
    "LastUpdatedDate": "2014-06-06T17:03:31.073-07:00",
    "PlannedForRelease": "",
    "ReleaseVisibleToPublic": false,
    "Priority": {
      "Name": "Unassigned",
      "Severity": 0,
      "Id": 0
    },
    "ProjectName": "PowerShellCron",
    "ReportedDate": "2013-06-28T07:08:42.167-07:00",
    "Status": {
      "Name": "Closed",
      "Id": 4
    },
    "ReasonClosed": {
      "Name": "Fixed"
    },
    "Summary": "Interval Script Code (for Job class)",
    "Type": {
      "Name": "Issue",
      "Id": 3
    },
    "VoteCount": 0,
    "Id": 1255
  },
  "FileAttachments": [],
  "Comments": []
}