{
  "WorkItem": {
    "AffectedComponent": {
      "Name": "",
      "DisplayName": ""
    },
    "ClosedComment": "",
    "ClosedDate": "2014-06-06T17:03:14.4-07:00",
    "CommentCount": 0,
    "Custom": null,
    "Description": "Need to make sure that when JobLog rows are written out they are tied to JobHistory for the given Job.  Also need to look at building the EntityFramework class properties that allow navigation between instances (so for instance, I could have runningJob navigate to its current set of joblogs, etc.",
    "LastUpdatedDate": "2014-06-06T17:03:14.4-07:00",
    "PlannedForRelease": "",
    "ReleaseVisibleToPublic": false,
    "Priority": {
      "Name": "Unassigned",
      "Severity": 0,
      "Id": 0
    },
    "ProjectName": "PowerShellCron",
    "ReportedDate": "2013-06-28T07:10:33.927-07:00",
    "Status": {
      "Name": "Closed",
      "Id": 4
    },
    "ReasonClosed": {
      "Name": "Unassigned"
    },
    "Summary": "Tie JobLog to JobHistory",
    "Type": {
      "Name": "Issue",
      "Id": 3
    },
    "VoteCount": 0,
    "Id": 1256
  },
  "FileAttachments": [],
  "Comments": []
}